Movie Title,Year,Score,Adjusted Score,Director,Synopsis,Cast,Consensus
Hot Rod,2007,39,42906.0,Akiva Schaffer," For Rod Kimball (Andy Samberg), performing stunts is a way of life, even though he is rather accident-prone. Poor Rod...","Andy Samberg, Jorma Taccone, Bill Hader, Danny R. McBride",
Game Night,2018,85,99839.0,John Francis Daley, Max and Annie's weekly game night gets kicked up a notch when Max's brother Brooks arranges a murder mystery party...,"Jason Bateman, Rachel McAdams, Kyle Chandler, Sharon Horgan",With a talented cast turned loose on a loaded premise -- and a sharp script loaded with dark comedy and unexpected twists --
The First Wives Club,1996,49,53174.0,Hugh Wilson," Despondent over the marriage of her ex-husband to a younger woman, a middle-aged divorcée plunges to her death from her...","Goldie Hawn, Bette Midler, Diane Keaton, Maggie Smith",
Scary Movie,2000,52,54973.0,Keenen Ivory Wayans," Defying the very notion of good taste, Scary Movie out-parodies the pop culture parodies with a no-holds barred assault on...","Shawn Wayans, Marlon Wayans, Cheri Oteri, Shannon Elizabeth",Critics say Scary Movie overloads on crudity and grossness to get its laughs.
Blockers,2018,84,96896.0,Kay Cannon," Julie, Kayla and Sam are three high school seniors who make a pact to lose their virginity on prom night....","Leslie Mann, Ike Barinholtz, John Cena, Kathryn Newton",
The Bank Dick,1940,100,102063.0,Edward F. Cline, Egbert Sousé (W.C. Fields) becomes an unexpected hero when a bank robber falls over a bench he's occupying. Now considered...,"W.C. Fields, Cora Witherspoon, Una Merkel, Evelyn Del Rio",No consensus yet.
Mrs. Doubtfire,1993,72,75059.0,Chris Columbus," Troubled that he has little access to his children, divorced Daniel Hillard (Robin Williams) hatches an elaborate plan. With help...","Robin Williams, Sally Field, Pierce Brosnan, Harvey Fierstein","On paper, Mrs. Doubtfire might seem excessively broad or sentimental, but Robin Williams shines so brightly in the title role that the end result is difficult to resist."
Pitch Perfect,2012,81,86536.0,Jason Moore," College student Beca (Anna Kendrick) knows she does not want to be part of a clique, but that's exactly where...","Anna Kendrick, Skylar Astin, Rebel Wilson, Adam DeVine","Pitch Perfect's plot is formulaic, but the performances are excellent and the musical numbers are toe-tapping as well."
Four Lions,2009,83,87269.0,Christopher Morris," A group of young Muslim men living in Sheffield decide to wage jihad, and they hatch an inept plan to...","Riz Ahmed, Arsher Ali, Nigel Lindsay, Kayvan Novak","Its premise suggests brazenly tasteless humor, but"
Safety Last,1923,97,103200.0,Fred C. Newmeyer," A boy (Harold Lloyd) moves to New York City to make enough money to support his loving girlfriend (Mildred Davis),...","Harold Lloyd, Mildred Davis, Bill Strother, Noah Young","Persuasive enough to give audiences acrophobia when they aren't laughing at Harold Lloyd's antics,"
Big,1988,97,102285.0,Penny Marshall," After a wish turns 12-year-old Josh Baskin (David Moscow) into a 30-year-old man (Tom Hanks), he heads to New York...","Tom Hanks, Elizabeth Perkins, Robert Loggia, John Heard","Refreshingly sweet and undeniably funny,"
Wet Hot American Summer,2001,37,39443.0,David Wain," Set on the last day of camp, in the hot summer of 1981, ""Wet Hot American Summer"" follows a group...","Janeane Garofalo, David Hyde Pierce, Michael Showalter, Marguerite Moreau",
Barbershop,2002,83,85976.0,Tim Story, A smart comedy about a day in the life of a barbershop on the south side of Chicago. Calvin (Ice...,"Ice Cube, Anthony Anderson, Cedric the Entertainer, Sean Patrick Thomas","Besides bringing on the laughs, Barbershop displays a big heart and demonstrates the value of community."
Dazed and Confused,1993,92,95822.0,Richard Linklater," This coming-of-age film follows the mayhem of group of rowdy teenagers in Austin, Texas, celebrating the last day of high...","Jason London, Wiley Wiggins, Sasha Jenson, Rory Cochrane","Featuring an excellent ensemble cast, a precise feel for the 1970s, and a killer soundtrack, Dazed and Confused is a funny, affectionate, and clear-eyed look at high school life."
Ace Ventura: Pet Detective,1994,49,52604.0,Tom Shadyac," When the dolphin mascot of Miami's NFL team is abducted, Ace Ventura (Jim Carrey), a zany private investigator who specializes...","Jim Carrey, Courteney Cox, Sean Young, Tone Loc","Jim Carrey's twitchy antics and gross-out humor are on full, bombastic display in"
Idiocracy,2006,73,73498.0,Mike Judge," In 2005, average in every way private Joe Bowers (Luke Wilson) is selected to take part in a secret military...","Luke Wilson, Maya Rudolph, Dax Shepard, Terry Crews","Frustratingly uneven yet enjoyable overall,"
Team America: World Police,2004,77,84016.0,Trey Parker," When North Korean ruler Kim Jong-il (Trey Parker) orchestrates a global terrorist plot, it's up to the heavily armed marionettes...","Trey Parker, Matt Stone, Kristen Miller, Masasa",Team America will either offend you or leave you in stitches. It'll probably do both.
Kissing Jessica Stein,2001,84,87739.0,Charles Herman-Wurmfeld," Jessica (Jennifer Westfeldt) is at the end of her emotional rope. She happens upon an intriguing personal ad, whose only...","Jennifer Westfeldt, Heather Juergensen, Scott Cohen, Tovah Feldshuh",A trite but refreshing and comical spin on nature of love.
Trainwreck,2015,84,95286.0,Judd Apatow," Ever since her father drilled into her head that monogamy isn't realistic, magazine writer Amy (Amy Schumer) has made promiscuity...","Amy Schumer, Bill Hader, Brie Larson, Colin Quinn",
Pee-wee's Big Adventure,1985,87,89155.0,Tim Burton," Pee-wee Herman (Paul Reubens), an eccentric child-like man, loves his red bicycle and will not sell it to his envious...","Paul Reubens, Elizabeth Daily, Mark Holton, Diane Salinger",
Tommy Boy,1995,41,42431.0,Peter Segal," After his beloved father (Brian Dennehy) dies, dimwitted Tommy Callahan (Chris Farley) inherits a near-bankrupt automobile parts factory in Sandusky,...","Chris Farley, David Spade, Brian Dennehy, Bo Derek","Though it benefits from the comic charms of its two leads,"
Life,1999,51,51764.0,Ted Demme," During Prohibition, loudmouth Harlem grifter Ray (Eddie Murphy) and the no-nonsense Claude (Martin Lawrence) team up on a bootlegging mission...","Eddie Murphy, Martin Lawrence, Obba Babatunde, Ned Beatty",Entertaining if not over-the-top humor from a solid comic duo provides plenty of laughs.
Zoolander,2001,64,69427.0,Ben Stiller," Propelled to the top of the fashion world by a photogenic gaze he calls ""Blue Steel,"" dimwitted male model Derek...","Ben Stiller, Owen Wilson, Will Ferrell, Christine Taylor","A wacky satire on the fashion industry, Zoolander is one of those deliberately dumb comedies that can deliver genuine laughs."
Super Troopers,2001,36,37555.0,Jay Chandrasekhar," Always looking for action, five over-enthusiastic but under-stimulated Vermont State Troopers raise hell on the highway, keeping motorists anxiously looking...","Jay Chandrasekhar, Kevin Heffernan, Steve Lemme, Paul Soter","A more-miss -than-hit affair, Super Troopers will most likely appeal to those looking for something silly."
Happy Gilmore,1996,61,63827.0,Dennis Dugan, All Happy Gilmore (Adam Sandler) has ever wanted is to be a professional hockey player. But he soon discovers he...,"Adam Sandler, Christopher McDonald, Julie Bowen, Frances Bay","Those who enjoy Adam Sandler's schtick will find plenty to love in this gleefully juvenile take on professional golf; those who don't, however, will find it unfunny and forgettable."
21 Jump Street,2012,85,94109.0,Phil Lord," When cops Schmidt (Jonah Hill) and Jenko (Channing Tatum) join the secret Jump Street unit, they use their youthful appearances...","Jonah Hill, Channing Tatum, Brie Larson, Dave Franco","A smart, affectionate satire of '80s nostalgia and teen movie tropes,"
Bill & Ted's Excellent Adventure,1989,81,84977.0,Stephen Herek," Bill (Alex Winter) and Ted (Keanu Reeves) are high school buddies starting a band. However, they are about to fail...","Keanu Reeves, Alex Winter, George Carlin, Bernie Casey","Keanu Reeves and Alex Winter are just charming, goofy, and silly enough to make this fluffy time-travel Adventure work."
Broadcast News,1987,98,101780.0,James L. Brooks, Intelligent satire of American television news. A highly strung news producer finds herself strangely attracted to a vapid anchorman even...,"William Hurt, Albert Brooks, Holly Hunter, Robert Prosky",Blockbuster dramatist James L. Brooks delivers with
Lost in America,1985,97,97744.0,Albert Brooks," After being snubbed at his advertising job, Los Angeles yuppie David Howard (Albert Brooks) convinces his wife, Linda (Julie Hagerty),...","Albert Brooks, Julie Hagerty, Michael Greene, Tom Tarpey","A satire of the American fantasy of leaving it all behind,"
In the Loop,2009,94,100046.0,Armando Iannucci," During an interview, British Cabinet Minister Simon Foster (Tom Hollander) delivers an off-the-cuff remark that war in the Middle East...","Peter Capaldi, Tom Hollander, Gina McKee, James Gandolfini",
Crazy Rich Asians,2018,91,112991.0,Jon M. Chu," Rachel Chu is happy to accompany her longtime boyfriend, Nick, to his best friend's wedding in Singapore. She's also surprised...","Constance Wu, Henry Golding, Michelle Yeoh, Gemma Chan","With a terrific cast and a surfeit of visual razzle dazzle,"
Shaolin Soccer,2001,90,93269.0,Stephen Chow," All his life, an ordinary young man (Stephen Chow) has been treated like dirt. Still, he's never given up believing...","Stephen Chow, Zhao Wei, Patrick Tse, Cecilia Cheung","The plot is utterly ridiculous, and the soccer in the movie is unlike any ever played anywhere on Earth, but watching Shaolin Soccer, you will probably find it impossible to care."
Top Five,2014,86,92965.0,Chris Rock," Though he began in stand-up comedy, Andre Allen (Chris Rock) hit the big-time as the star of a trilogy of...","Chris Rock, Rosario Dawson, Kevin Hart, Gabrielle Union","As smart, funny, and trenchant as writer-director-star Chris Rock's best standup work,"
Road to Morocco,1942,86,85880.0,David Butler, Starving vagabond Jeff (Bing Crosby) sells best friend Orville (Bob Hope) into slavery in a Moroccan marketplace to buy food....,"Bing Crosby, Bob Hope, Dorothy Lamour, Anthony Quinn",No consensus yet.
Up in Smoke,1978,47,48233.0,Lou Adler," An unemployed pot-smoking slacker and amateur drummer, Anthony Stoner (Tommy Chong) ditches his strict parents and hits the road, eventually...","Cheech Marin, Tommy Chong, Stacy Keach, Edie Adams","Oft-quoted but undeniably flawed,"
The 40-Year-Old Virgin,2005,85,93025.0,Judd Apatow," Andy Stitzer (Steve Carell) is an amiable single guy who works at a big-box store. Living alone, 40-year-old Andy spends...","Steve Carell, Catherine Keener, Paul Rudd, Romany Malco","Steve Carell's first star turn scores big with a tender treatment of its titular underdog, using raunchy but realistically funny comedy to connect with adult audiences."
The Grand Budapest Hotel,2014,92,104910.0,Wes Anderson," In the 1930s, the Grand Budapest Hotel is a popular European ski resort, presided over by concierge Gustave H. (Ralph...","Ralph Fiennes, F. Murray Abraham, Mathieu Amalric, Adrien Brody","Typically stylish but deceptively thoughtful,"
In Bruges,2008,84,91466.0,Martin McDonagh," After a particularly difficult job, hit men Ray (Colin Farrell) and Ken (Brendan Gleeson) head to Belgium to hide out...","Colin Farrell, Brendan Gleeson, Ralph Fiennes, Ciarán Hinds","Featuring witty dialogue and deft performances,"
American Pie,1999,61,65425.0,Paul Weitz," A riotous and raunchy exploration of the most eagerly anticipated -- and most humiliating -- rite of adulthood, known as...","Jason Biggs, Shannon Elizabeth, Alyson Hannigan, Chris Klein","So embarrassing it's believable, American Pie succeeds in bringing back the teen movie genre."
All About My Mother,1999,98,100572.0,Pedro Almodóvar, A Greek saying states that only women who have washed their eyes with tears can see clearly. This saying does...,"Cecilia Roth, Eloy Azorín, Marisa Paredes, Penélope Cruz","Almodovar weaves together a magnificent tapestry of femininity with an affectionate wink to classics of theater and cinema in this poignant story of love, loss and compassion."
Burn After Reading,2008,78,87727.0,Joel Coen, When a disc containing memoirs of a former CIA analyst (John Malkovich) falls into the hands of Linda Litzke (Frances...,"George Clooney, Frances McDormand, John Malkovich, Tilda Swinton",With
Legally Blonde,2001,70,75795.0,Robert Luketic, Elle Woods (Reese Witherspoon) has it all. She wants nothing more than to be Mrs. Warner Huntington III. But there...,"Reese Witherspoon, Luke Wilson, Selma Blair, Matthew Davis","Though the material is predictable and formulaic, Reese Witherspoon's funny, nuanced performance makes this movie better than it would have been otherwise."
Pride,2014,92,98335.0,Matthew Warchus," Realizing that they share common foes in Margaret Thatcher, the police and the conservative press, London-based gays and lesbians lend...","Bill Nighy, Imelda Staunton, Dominic West, Paddy Considine","Earnest without being didactic and uplifting without stooping to sentimentality,"
"It's a Mad, Mad, Mad, Mad World",1963,70,73338.0,Stanley Kramer," The story begins during a massive traffic jam, caused by reckless driver Smiler Grogan (Jimmy Durante), who, before kicking the...","Spencer Tracy, Edie Adams, Milton Berle, Jimmy Durante","It's long, frantic, and stuffed to the gills with comic actors and set pieces -- and that's exactly its charm."
Beetlejuice,1988,85,89126.0,Tim Burton," After Barbara (Geena Davis) and Adam Maitland (Alec Baldwin) die in a car accident, they find themselves stuck haunting their...","Michael Keaton, Alec Baldwin, Geena Davis, Jeffrey Jones","Brilliantly bizarre and overflowing with ideas,"
House Party,1990,93,94393.0,Reginald Hudlin," Play's parents are out of town, and he's planning the house party to end all house parties. His best friend,...","Robin Harris, Christopher Reid, Christopher Martin, Martin Lawrence","House Party is a light, entertaining teen comedy with an infectious energy."
The Birdcage,1996,81,83827.0,Mike Nichols," In this remake of the classic French farce ""La Cage aux Folles,"" engaged couple Val Goldman (Dan Futterman) and Barbara...","Robin Williams, Gene Hackman, Nathan Lane, Dianne Wiest","Mike Nichols wrangles agreeably amusing performances from Robin Williams and Nathan Lane in this fun, if not quite essential, remake of the French comedy La Cage aux Folles."
City Slickers,1991,91,92741.0,Ron Underwood," Every year, three friends take a vacation away from their wives. This year, henpecked Phil (Daniel Stern), newly married Ed...","Billy Crystal, Daniel Stern, Bruno Kirby, Patricia Wettig","With a supremely talented cast and just enough midlife drama to add weight to its wildly silly overtones,"
Stripes,1981,88,89752.0,Ivan Reitman, Hard-luck cabbie John Winger (Bill Murray) -- directionless after being fired from his job and dumped by his girlfriend --...,"Bill Murray, Harold Ramis, Warren Oates, P.J. Soles",A raucous military comedy that features Bill Murray and his merry cohorts approaching the peak of their talents.
Abbott and Costello Meet Frankenstein,1948,89,91921.0,Charles Barton," In the first of Bud Abbott and Lou Costello's horror vehicles for Universal Pictures, the inimitable comic duo star as...","Bud Abbott, Lou Costello, Bela Lugosi, Lenore Aubert",A zany horror spoof that plays up and then plays into the best of Universal horror cliches.
Clue,1985,68,69069.0,Jonathan Lynn," Based on the popular board game, this comedy begins at a dinner party hosted by Mr. Boddy, where he admits...","Eileen Brennan, Martin Mull, Lesley Ann Warren, Tim Curry",A robust ensemble of game actors elevate
Spy,2015,95,104866.0,Paul Feig," Despite having solid field training, CIA analyst Susan Cooper (Melissa McCarthy) has spent her entire career as a desk jockey,...","Melissa McCarthy, Jason Statham, Rose Byrne, Miranda Hart","Simultaneously broad and progressive,"
I Like It Like That,1994,88,90082.0,Darnell Martin, Chino (Jon Seda) isn't the best husband to Lisette (Lauren Vélez). His job as a bicycle messenger can barely support...,"Lauren Vélez, Jon Seda, Tomas Melly, Desiree Casado","A richly textured romantic comedy,"
Bridget Jones's Diary,2001,80,85437.0,Sharon Maguire," At the start of the New Year, 32-year-old Bridget (Renée Zellweger) decides it's time to take control of her life...","Renée Zellweger, Colin Firth, Hugh Grant, Gemma Jones","Though there was controversy over the choice of casting, Zellweger's Bridget Jones is a sympathetic, likable, funny character, giving this romantic comedy a lot of charm."
The School of Rock,2003,92,98399.0,Richard Linklater, Overly enthusiastic guitarist Dewey Finn (Jack Black) gets thrown out of his bar band and finds himself in desperate need...,"Jack Black, Joan Cusack, Mike White, Sarah Silverman","Black's exuberant, gleeful performance turns School of Rock into a hilarious, rocking good time."
Moonstruck,1987,94,97863.0,Norman Jewison," No sooner does Italian-American widow Loretta (Cher) accept a marriage proposal from her doltish boyfriend, Johnny (Danny Aiello), than she...","Cher, Nicolas Cage, Vincent Gardenia, Olympia Dukakis","Led by energetic performances from Nicolas Cage and Cher, Moonstruck is an exuberantly funny tribute to love and one of the decade's most appealing comedies."
The In-Laws,1979,88,87113.0,Arthur Hiller," Mild-mannered dentist Sheldon Kornpett (Alan Arkin) is uncomfortable with his daughter's marriage after meeting her future father-in-law, Vincent Ricardo (Peter...","Peter Falk, Alan Arkin, Richard Libertini, Nancy Dussault",No consensus yet.
The Ladykillers,1955,100,102433.0,Alexander Mackendrick," Mrs. Wilberforce (Katie Johnson) likes to report suspicious behavior to the police. Unaware of her reputation, the dapper thief Professor...","Alec Guinness, Katie Johnson, Cecil Parker, Herbert Lom",
A League of Their Own,1992,80,86410.0,Penny Marshall," As America's stock of athletic young men is depleted during World War II, a professional all-female baseball league springs up...","Tom Hanks, Geena Davis, Madonna, Lori Petty","Sentimental and light, but still thoroughly charming, A League of Their Own is buoyed by solid performances from a wonderful cast."
Dirty Rotten Scoundrels,1988,88,88974.0,Frank Oz," Con artist Lawrence Jamieson (Michael Caine) is a longtime resident of a luxurious coastal resort, where he enjoys the fruits...","Steve Martin, Michael Caine, Glenne Headly, Anton Rodgers","A buoyant, clever update of the conman flick"
"Good Morning, Vietnam",1987,91,92878.0,Barry Levinson, Radio funny man Adrian Cronauer (Robin Williams) is sent to Vietnam to bring a little comedy back into the lives...,"Robin Williams, Forest Whitaker, Tung Thanh Tran, Chintara Sukapatana","A well-calibrated blend of manic comedy and poignant drama,"
M*A*S*H,1970,84,88413.0,Robert Altman," Based on the novel by Richard Hooker, ""M*A*S*H"" follows a group of Mobile Army Surgical Hospital officers at they perform...","Donald Sutherland, Elliott Gould, Sally Kellerman, Tom Skerritt","Bold, timely, subversive, and above all funny,"
When Harry Met Sally...,1989,91,96005.0,Rob Reiner," In 1977, college graduates Harry Burns (Billy Crystal) and Sally Albright (Meg Ryan) share a contentious car ride from Chicago...","Billy Crystal, Meg Ryan, Carrie Fisher, Bruno Kirby","Rob Reiner's touching, funny film set a new standard for romantic comedies, and he was ably abetted by the sharp interplay between Billy Crystal and Meg Ryan."
Harold & Kumar Go to White Castle,2004,74,78809.0,Danny Leiner," Nerdy accountant Harold (John Cho) and his irrepressible friend, Kumar (Kal Penn), get stoned watching television and find themselves utterly...","John Cho, Kal Penn, Paula Garcés, Neil Patrick Harris",The likable leads and subversion of racial stereotypes elevate Harold and Kumar above the typical stoner comedy.
Napoleon Dynamite,2004,72,78005.0,Jared Hess," In small-town Preston, Idaho, awkward teen Napoleon Dynamite (Jon Heder) has trouble fitting in. After his grandmother is injured in...","Jon Heder, Jon Gries, Aaron Ruell, Efren Ramirez","A charming, quirky, and often funny comedy."
Arthur,1981,88,88641.0,Steve Gordon, Wealthy New York City playboy Arthur Bach (Dudley Moore) is perpetually drunk and completely rudderless. Dutifully supported by his sharp-tongued...,"Dudley Moore, John Gielgud, Liza Minnelli, Geraldine Fitzgerald",Dudley Moore brings a boozy charm to
Tootsie,1982,90,93920.0,Sydney Pollack, New York actor Michael Dorsey (Dustin Hoffman) is a talented perfectionist who is so hard on himself and others that...,"Dustin Hoffman, Jessica Lange, Teri Garr, Dabney Coleman",
Best in Show,2000,93,96973.0,Christopher Guest," The tension is palpable, the excitement is mounting and the heady scent of competition is in the air as hundreds...","Michael Hitchcock, Parker Posey, Eugene Levy, Catherine O'Hara","A fine example of writer-director-star Christopher Guest's gift for improv comedy,"
"The Adventures of Priscilla, Queen of the Desert",1994,96,97398.0,Stephan Elliott," When drag queen Anthony (Hugo Weaving) agrees to take his act on the road, he invites fellow cross-dresser Adam (Guy...","Terence Stamp, Hugo Weaving, Guy Pearce, Bill Hunter",While its premise is ripe for comedy -- and it certainly delivers its fair share of laughs --
Mean Girls,2004,84,91695.0,Mark Waters, Teenage Cady Heron (Lindsay Lohan) was educated in Africa by her scientist parents. When her family moves to the suburbs...,"Lindsay Lohan, Rachel McAdams, Tina Fey, Tim Meadows","Elevated by a brilliant screenplay and outstanding ensemble cast,"
Spaceballs,1987,55,56968.0,Mel Brooks," In a distant galaxy, planet Spaceball has depleted its air supply, leaving its citizens reliant on a product called ""Perri-Air.""...","Mel Brooks, John Candy, Rick Moranis, Bill Pullman",There's fine spoofery and amusing characters in
Sister Act,1992,74,75668.0,Emile Ardolino," When lively lounge singer Deloris Van Cartier (Whoopi Goldberg) sees her mobster beau, Vince LaRocca (Harvey Keitel), commit murder, she...","Whoopi Goldberg, Maggie Smith, Kathy Najimy, Wendy Makkena",Looking for a sweet musical comedy about a witness to a crime hiding out from killers in a convent? There's nun better than
Step Brothers,2008,55,62563.0,Adam McKay," Brennan Huff (Will Ferrell) and Dale Doback (John C. Reilly) have one thing in common: they are both lazy, unemployed...","Will Ferrell, John C. Reilly, Richard Jenkins, Mary Steenburgen",
UHF,1989,61,61120.0,Jay Levey," After losing yet another job, George (Weird Al Yankovic) wonders if there is any career that can handle his outrageous...","Weird Al Yankovic, Victoria Jackson, Kevin McCarthy, Michael Richards",
National Lampoon's Vacation,1983,93,96523.0,Harold Ramis," Accompanied by their children (Dana Barron, Anthony Michael Hall), Clark Griswold (Chevy Chase) and his wife, Ellen (Beverly D'Angelo), are...","Chevy Chase, Beverly D'Angelo, Christie Brinkley, Anthony Michael Hall","Blessed by a brilliantly befuddled star turn from Chevy Chase,"
Galaxy Quest,1999,90,94324.0,Dean Parisot, The stars of a 1970s sci-fi show - now scraping a living through re-runs and sci-fi conventions - are beamed...,"Tim Allen, Sigourney Weaver, Alan Rickman, Tony Shalhoub",Intelligent and humorous satire with an excellent cast -- no previous Trekkie knowledge needed to enjoy this one.
Harold and Maude,1971,86,89773.0,Hal Ashby, Cult classic pairs Cort as a dead-pan disillusioned 20-year-old obsessed with suicide and a loveable Gordon as a fun-loving 80-year-old...,"Bud Cort, Ruth Gordon, Cyril Cusack, Vivian Pickles","Hal Ashby's comedy is too dark and twisted for some, and occasionally oversteps its bounds, but there's no denying the film's warm humor and big heart."
Meet the Parents,2000,84,89345.0,Jay Roach, Everything that can possibly go wrong for groom-to-be Greg Focker (Ben Stiller) does. The problems begin with Greg's disastrous first...,"Robert De Niro, Ben Stiller, Blythe Danner, Teri Polo","Despite sometimes sitcom-like execution,"
Girls Trip,2017,92,104222.0,Malcolm D. Lee," Best friends Ryan, Sasha, Lisa and Dina are in for the adventure of a lifetime when they travel to New...","Regina Hall, Queen Latifah, Jada Pinkett Smith, Tiffany Haddish",
Being There,1979,95,98785.0,Hal Ashby," Simple-minded Chance (Peter Sellers), a gardener who has resided in the Washington, D.C., townhouse of his wealthy employer for his...","Peter Sellers, Shirley MacLaine, Jack Warden, Melvyn Douglas","Smart, sophisticated, and refreshingly subtle,"
Wayne's World,1992,79,86384.0,Penelope Spheeris," A big screen spin-off of the ""Saturday Night Live"" skit. Rob Lowe plays a producer that wants to take the...","Mike Myers, Dana Carvey, Rob Lowe, Tia Carrere","An oddball comedy that revels in its silliness and memorable catch phrases, Wayne's World is also fondly regarded because of its endearing characters."
Fast Times at Ridgemont High,1982,78,82306.0,Amy Heckerling," Stacy Hamilton (Jennifer Jason Leigh) is a pretty, but inexperienced, teen interested in dating. Given advice by her uninhibited friend,...","Sean Penn, Jennifer Jason Leigh, Judge Reinhold, Robert Romanus",While
Arsenic and Old Lace,1944,83,85404.0,Frank Capra," Writer and notorious marriage detractor Mortimer Brewster (Cary Grant) falls for girl-next-door Elaine Harper (Priscilla Lane), and they tie the...","Cary Grant, Raymond Massey, Priscilla Lane, Peter Lorre",No consensus yet.
Kung Fu Hustle,2004,90,98122.0,Stephen Chow," When the hapless Sing (Stephen Chow) and his dim-witted pal, Bone (Feng Xiaogang), try to scam the residents of Pig...","Stephen Chow, Yuen Wah, Yuen Qiu, Siu-Lung Leung","Kung Fu Hustle blends special effects, martial arts, and the Looney Toons to hilarious effect."
Booksmart,2019,96,120129.0,Olivia Wilde, Academic overachievers Amy and Molly thought keeping their noses to the grindstone gave them a leg up on their high...,"Kaitlyn Dever, Beanie Feldstein, Jessica Williams, Jason Sudeikis","Fast-paced, funny, and fresh,"
Heathers,1989,93,96161.0,Michael Lehmann," Veronica (Winona Ryder) is part of the most popular clique at her high school, but she disapproves of the other...","Winona Ryder, Christian Slater, Shannen Doherty, Lisanne Falk","Dark, cynical, and subversive, Heathers gently applies a chainsaw to the conventions of the high school movie -- changing the game for teen comedies to follow."
Playtime,1967,98,103579.0,Jacques Tati, Clumsy Monsieur Hulot (Jacques Tati) finds himself perplexed by the intimidating complexity of a gadget-filled Paris. He attempts to meet...,"Jacques Tati, Barbara Dennek, Jacqueline Lecomte, Valérie Camille","A remarkable achievement,"
Beverly Hills Cop,1984,83,86696.0,Martin Brest," After his childhood buddy is murdered while visiting Detroit, rebellious cop Axel Foley (Eddie Murphy) follows the leads to Beverly...","Eddie Murphy, Judge Reinhold, John Ashton, Lisa Eilbacher","The buddy cop movie continues its evolution unabated with this Eddie Murphy vehicle that's fast, furious, and funny."
Office Space,1999,80,84070.0,Mike Judge," Corporate drone Peter Gibbons (Ron Livingston) hates his soul-killing job at software company Initech. While undergoing hypnotherapy, Peter is left...","Ron Livingston, Jennifer Aniston, David Herman, Ajay Naidu",Mike Judge lampoons the office grind with its inspired mix of sharp dialogue and witty one-liners.
Four Weddings and a Funeral,1994,96,99284.0,Mike Newell, Lovable Englishman Charles (Hugh Grant) and his group of friends seem to be unlucky in love. When Charles meets a...,"Hugh Grant, Andie MacDowell, Kristin Scott Thomas, Simon Callow","While frothy to a fault, Four Weddings and a Funeral features irresistibly breezy humor, and winsome performances from Hugh Grant and Andie MacDowell."
The Graduate,1967,87,93850.0,Mike Nichols," Benjamin Braddock (Dustin Hoffman) has just finished college and, back at his parents' house, he's trying to avoid the one...","Dustin Hoffman, Anne Bancroft, Katharine Ross, William Daniels","The music, the performances, the precision in capturing the post-college malaise -- The Graduate's coming-of-age story is indeed one for the ages."
Ferris Bueller's Day Off,1986,81,86784.0,John Hughes, Ferris Bueller (Matthew Broderick) has an uncanny skill at cutting classes and getting away with it. Intending to make one...,"Matthew Broderick, Alan Ruck, Mia Sara, Jennifer Grey","Matthew Broderick charms in Ferris Bueller's Day Off, a light and irrepressibly fun movie about being young and having fun."
There's Something About Mary,1998,83,87060.0,Bobby Farrelly, Ted's (Ben Stiller) dream prom date with Mary (Cameron Diaz) never happens due to an embarrassing injury at her home....,"Cameron Diaz, Matt Dillon, Ben Stiller, Lee Evans","There's Something About Mary proves that unrelentingly, unabashedly peurile humor doesn't necessarily come at the expense of a film's heart."
Borat: Cultural Learnings of America for Make Benefit Glorious Nation of Kazakhstan,2006,90,99775.0,Larry Charles," Outrageous situations occur when Borat, a popular reporter (Sacha Baron Cohen) from Kazakhstan, comes to the United States to film...","Sacha Baron Cohen, Pamela Anderson, Ken Davitian, Luenell","Part satire, part shockumentary,"
"Sherlock, Jr.",1924,92,95339.0,Buster Keaton, A kindly movie projectionist (Buster Keaton) longs to be a detective. When his fiancée (Kathryn McGuire) is robbed by a...,"Buster Keaton, Kathryn McGuire, Ward Crane, Joe Keaton",No consensus yet.
Friday,1995,78,78106.0,F. Gary Gray," It's Friday and Craig Jones (Ice Cube) has just gotten fired for stealing cardboard boxes. To make matters worse, rent...","Ice Cube, Chris Tucker, Nia Long, Tiny Lister Jr.",What
Superbad,2007,87,96273.0,Greg Mottola, High school seniors Seth and Evan have high hopes for a graduation party. The co-dependent teens plan to score booze...,"Jonah Hill, Michael Cera, Christopher Mintz-Plasse, Bill Hader","Deftly balancing vulgarity and sincerity while placing its protagonists in excessive situations,"
Hot Fuzz,2007,91,100075.0,Edgar Wright," As a former London constable, Nicholas Angel (Simon Pegg) finds if difficult to adapt to his new assignment in the...","Simon Pegg, Nick Frost, Jim Broadbent, Paddy Considine",The brilliant minds behind
The Hangover,2009,79,88406.0,Todd Phillips," Two days before his wedding, Doug (Justin Bartha) and three friends (Bradley Cooper, Ed Helms, Zach Galifianakis) drive to Las...","Bradley Cooper, Ed Helms, Zach Galifianakis, Justin Bartha","With a clever script and hilarious interplay among the cast,"
Elf,2003,85,91231.0,Jon Favreau, Buddy (Will Ferrell) was accidentally transported to the North Pole as a toddler and raised to adulthood among Santa's elves....,"Will Ferrell, James Caan, Bob Newhart, Edward Asner","A movie full of Yuletide cheer,"
"Planes, Trains and Automobiles",1987,92,96683.0,John Hughes, Easily excitable Neal Page (Steve Martin) is somewhat of a control freak. Trying to get home to Chicago to spend...,"Steve Martin, John Candy, Laila Robins, Michael McKean","Thanks to the impeccable chemistry between Steve Martin and John Candy, as well as a deft mix of humor and heart,"
A Fish Called Wanda,1988,96,99622.0,Charles Crichton," British gangster George Thomason (Tom Georgeson) and his hapless aide, Ken Pile (Michael Palin), draft a pair of arrogant Americans,...","John Cleese, Jamie Lee Curtis, Kevin Kline, Michael Palin","Smartly written, smoothly directed, and solidly cast,"
Anchorman: The Legend of Ron Burgundy,2004,66,74246.0,Adam McKay, Hotshot television anchorman Ron Burgundy (Will Ferrell) welcomes upstart reporter Veronica Corningstone (Christina Applegate) into the male-dominated world of 1970s...,"Will Ferrell, Christina Applegate, Paul Rudd, Steve Carell","Filled with inspired silliness and quotable lines, Anchorman isn't the most consistent comedy in the world, but Will Ferrell's buffoonish central performance helps keep this portrait of a clueless newsman from going off the rails."
Ghostbusters,1984,97,102523.0,Ivan Reitman," After the members of a team of scientists (Harold Ramis, Dan Aykroyd, Bill Murray) lose their cushy positions at a...","Bill Murray, Dan Aykroyd, Harold Ramis, Sigourney Weaver","An infectiously fun blend of special effects and comedy, with Bill Murray's hilarious deadpan performance leading a cast of great comic turns."
Austin Powers: International Man of Mystery,1997,73,76739.0,Jay Roach," A world-class playboy and part-time special agent, Powers is defrosted after 30 years in a cryogenic freeze to match wits...","Mike Myers, Elizabeth Hurley, Michael York, Mimi Rogers","A light and goofy comedy which provides laughs, largely due to performances and screenwriting by Myers."
Dumb & Dumber,1994,67,69924.0,Peter Farrelly, Imbecilic best friends Lloyd Christmas (Jim Carrey) and Harry Dunne (Jeff Daniels) stumble across a suitcase full of money left...,"Jim Carrey, Jeff Daniels, Lauren Holly, Teri Garr",A relentlessly stupid comedy elevated by its main actors: Jim Carrey goes bonkers and Jeff Daniels carries himself admirably in an against-type performance.
The Odd Couple,1968,97,100810.0,Gene Saks," When fussy Felix (Jack Lemmon) becomes suicidal over his impending divorce, he accepts an offer to move in with his...","Jack Lemmon, Walter Matthau, John Fiedler, Herb Edelman","Enlivening Neil Simon's crackerjack script with their harmonious rapport, Jack Lemmon and Walter Matthau are a perfect pairing as"
The Producers,1968,90,98114.0,Mel Brooks," Down and out producer Max Bialystock (Zero Mostel), who was once the toast of Broadway, trades sexual favors with old...","Zero Mostel, Gene Wilder, Dick Shawn, Kenneth Mars","A hilarious satire of the business side of Hollywood, The Producers is one of Mel Brooks' finest, as well as funniest films, featuring standout performances by Gene Wilder and Zero Mostel."
Clerks,1994,90,92378.0,Kevin Smith, Dante (Brian O'Halloran) is called in to cover a shift at his New Jersey convenience store on his day off....,"Brian O'Halloran, Jeff Anderson, Marilyn Ghigliotti, Lisa Spoonhauer","With its quirky characters and clever, quotable dialogue,"
What We Do in the Shadows,2014,96,103659.0,Jemaine Clement," Vampire housemates (Jemaine Clement, Taika Waititi, Jonathan Brugh) try to cope with the complexities of modern life and show a...","Jemaine Clement, Taika Waititi, Jonathan Brugh, Cori Gonzalez-Macuer","Smarter, fresher, and funnier than a modern vampire movie has any right to be,"
The Lady Eve,1941,100,106099.0,Preston Sturges, It's no accident when wealthy Charles (Henry Fonda) falls for Jean (Barbara Stanwyck). Jean is a con artist with her...,"Barbara Stanwyck, Henry Fonda, Charles Coburn, Eugene Pallette","A career highlight for Preston Sturges, The Lady Eve benefits from Barbara Stanwyck and Henry Fonda's sparkling chemistry -- and a script that inspired countless battle-of-the-sexes comedies."
"What's Up, Doc?",1972,89,92392.0,Peter Bogdanovich, Two researchers have come to San Francisco to compete for a research grant in music. The man seems a bit...,"Barbra Streisand, Ryan O'Neal, Madeline Kahn, Kenneth Mars","Barbra Streisand was never more likable than in this energetic, often hilarious screwball farce from director Peter Bogdanovich."
A Night at the Opera,1935,97,110872.0,Sam Wood, The Marx Brothers run amuck in the world of opera when Otis B. Driftwood (Groucho Marx) meets aspiring singer Ricardo...,"Groucho Marx, Harpo Marx, Kitty Carlisle, Chico Marx","Watermelons may go out of season, but in"
Adam's Rib,1949,96,99976.0,George Cukor, A courtroom rivalry finds its way into the household when prosecuting lawyer Adam Bonner (Spencer Tracy) faces off against his...,"Spencer Tracy, Katharine Hepburn, Judy Holliday, Tom Ewell","Matched by Garson Kanin's witty, sophisticated screenplay, George Cukor, Spencer Tracy, and Katherine Hepburn are all in top form in the classic comedy Adam's Rib."
Sullivan's Travels,1941,100,103972.0,Preston Sturges," Successful movie director John L. Sullivan (Joel McCrea), convinced he won't be able to film his ambitious masterpiece until he...","Joel McCrea, Veronica Lake, Robert Warwick, William Demarest",No consensus yet.
Caddyshack,1980,73,76952.0,Harold Ramis," Danny Noonan (Michael O'Keefe), a teen down on his luck, works as a caddy at the snob-infested Bushwood Country Club...","Chevy Chase, Rodney Dangerfield, Bill Murray, Ted Knight","Though unabashedly crude and juvenile,"
The Great Dictator,1940,93,97872.0,Charles Chaplin," After dedicated service in the Great War, a Jewish barber (Charles Chaplin) spends years in an army hospital recovering from...","Charles Chaplin, Paulette Goddard, Jack Oakie, Reginald Gardiner","Charlie Chaplin demonstrates that his comedic voice is undiminished by dialogue in this rousing satire of tyranny, which may be more distinguished by its uplifting humanism than its gags."
The Philadelphia Story,1940,100,112029.0,George Cukor," This classic romantic comedy focuses on Tracy Lord (Katharine Hepburn), a Philadelphia socialite who has split from her husband, C.K....","Cary Grant, Katharine Hepburn, James Stewart, Ruth Hussey","Offering a wonderfully witty script, spotless direction from George Cukor, and typically excellent lead performances,"
Raising Arizona,1987,92,95411.0,Joel Coen," An ex-con and an ex-cop meet, marry and long for a child of their own. When it is discovered that...","Nicolas Cage, Holly Hunter, Trey Wilson, John Goodman","A terrifically original, eccentric screwball comedy,"
Clueless,1995,81,89102.0,Amy Heckerling," Shallow, rich and socially successful Cher (Alicia Silverstone) is at the top of her Beverly Hills high school's pecking scale....","Alicia Silverstone, Stacey Dash, Brittany Murphy, Paul Rudd","A funny and clever reshaping of Emma, Clueless offers a soft satire that pokes as much fun at teen films as it does at the Beverly Hills glitterati."
Annie Hall,1977,96,104587.0,Woody Allen, Comedian Alvy Singer (Woody Allen) examines the rise and fall of his relationship with struggling nightclub singer Annie Hall (Diane...,"Woody Allen, Diane Keaton, Tony Roberts, Carol Kane","Filled with poignant performances and devastating humor,"
His Girl Friday,1940,99,110901.0,Howard Hawks," When hard-charging New York newspaper editor Walter Burns discovers that his ex-wife, investigative reporter Hildy Johnson, has gotten engaged to...","Cary Grant, Rosalind Russell, Ralph Bellamy, Gene Lockhart","Anchored by stellar performances from Cary Grant and Rosalind Russell, His Girl Friday is possibly the definitive screwball romantic comedy."
Withnail and I,1987,94,94653.0,Bruce Robinson," Two out-of-work actors -- the anxious, luckless Marwood (Paul McGann) and his acerbic, alcoholic friend, Withnail (Richard E. Grant) --...","Richard E. Grant, Paul McGann, Richard Griffiths, Ralph Brown",Richard E. Grant and Paul McGann prove irresistibly hilarious as two misanthropic slackers in
Trading Places,1983,88,89014.0,John Landis, Upper-crust executive Louis Winthorpe III (Dan Aykroyd) and down-and-out hustler Billy Ray Valentine (Eddie Murphy) are the subjects of a...,"Dan Aykroyd, Eddie Murphy, Ralph Bellamy, Don Ameche","Featuring deft interplay between Eddie Murphy and Dan Aykroyd,"
Bridesmaids,2011,90,101266.0,Paul Feig," Annie (Kristen Wiig) is a single woman whose own life is a mess, but when she learns that her lifelong...","Kristen Wiig, Maya Rudolph, Rose Byrne, Ellie Kemper","A marriage of genuine characters, gross out gags, and pathos,"
Young Frankenstein,1974,94,100898.0,Mel Brooks, Respected medical lecturer Dr. Frederick Frankenstein (Gene Wilder) learns that he has inherited his infamous grandfather's estate in Transylvania. Arriving...,"Gene Wilder, Peter Boyle, Cloris Leachman, Marty Feldman","Made with obvious affection for the original, Young Frankenstein is a riotously silly spoof featuring a fantastic performance by Gene Wilder."
Shaun of the Dead,2004,92,99890.0,Edgar Wright," Shaun (Simon Pegg) is a 30-something loser with a dull, easy existence. When he's not working at the electronics store,...","Simon Pegg, Kate Ashfield, Lucy Davis, Nick Frost",
The Naked Gun,1988,88,90630.0,David Zucker," Frank Drebin (Leslie Nielsen), a rather clueless police detective, tries to foil a plot to turn innocent people into assassins...","Leslie Nielsen, George Kennedy, Priscilla Presley, Ricardo Montalban",
The Blues Brothers,1980,73,80978.0,John Landis," After his release from prison, Jake (John Belushi) reunites with his brother, Elwood (Dan Aykroyd) -- collectively known as the...","John Belushi, Dan Aykroyd, James Brown, Cab Calloway","Too over the top for its own good, but ultimately rescued by the cast's charm, director John Landis' grace, and several soul-stirring musical numbers."
Coming to America,1988,73,75547.0,John Landis," Prince Akeem (Eddie Murphy) is the prince of a wealthy African country and wants for nothing, except a wife who...","Eddie Murphy, Arsenio Hall, John Amos, James Earl Jones","Eddie Murphy was in full control at this point, starkly evident in"
Life of Brian,1979,95,100490.0,Terry Jones," Brian Cohen (Graham Chapman) is an average young Jewish man, but through a series of ridiculous events, he gains a...","Graham Chapman, John Cleese, Terry Gilliam, Terry Jones","One of the more cutting-edge films of the 1970s, this religious farce from the classic comedy troupe is as poignant as it is funny and satirical."
The Jerk,1979,83,86131.0,Carl Reiner," Navin (Steve Martin) believes he was born a poor black child in Mississippi. He is, however, actually white. Upon figuring...","Steve Martin, Bernadette Peters, Catlin Adams, Mabel King","Crude, crass, and oh so quotable,"
The General,1926,92,96357.0,Clyde Bruckman," One of the most revered comedies of the silent era, this film finds hapless Southern railroad engineer Johnny Gray (Buster...","Buster Keaton, Marion Mack, Glen Cavender, Jim Farley","Brilliantly filmed and fueled with classic physical comedy,"
The Thin Man,1934,98,104612.0,W. S. Van Dyke," The recently divorced Clyde Wynant discovers that his new girlfriend has stolen $50,000 and is carrying on with other men....","William Powell, Myrna Loy, Maureen O'Sullivan, Nat Pendleton","Featuring an involving mystery and sparkling repartee between William Powell and Myrna Loy,"
This Is Spinal Tap,1984,95,99742.0,Rob Reiner," ""This Is Spinal Tap"" shines a light on the self-contained universe of a metal band struggling to get back on...","Rob Reiner, Michael McKean, Christopher Guest, Harry Shearer","Smartly directed, brilliantly acted, and packed with endlessly quotable moments,"
National Lampoon's Animal House,1978,90,95106.0,John Landis," When they arrive at college, socially inept freshmen Larry (Thomas Hulce) and Kent (Stephen Furst) attempt to pledge the snooty...","John Belushi, Kevin Bacon, Donald Sutherland, Karen Allen","The talents of director John Landis and Saturday Night Live's irrepressible John Belushi conspired to create a rambunctious, subversive college comedy that continues to resonate."
Blazing Saddles,1974,89,93883.0,Mel Brooks," In this satirical take on Westerns, crafty railroad worker Bart (Cleavon Little) becomes the first black sheriff of Rock Ridge,...","Cleavon Little, Gene Wilder, Madeline Kahn, Slim Pickens","Daring, provocative, and laugh-out-loud funny,"
Bringing Up Baby,1938,94,103213.0,Howard Hawks," Harried paleontologist David Huxley (Cary Grant) has to make a good impression on society matron Mrs. Random (May Robson), who...","Katharine Hepburn, Cary Grant, Charlie Ruggles, May Robson","With Katharine Hepburn and Cary Grant at their effervescent best, Bringing Up Baby is a seamlessly assembled comedy with enduring appeal."
Modern Times,1936,98,117211.0,Charlie Chaplin, This comedic masterpiece finds the iconic Little Tramp (Charlie Chaplin) employed at a state-of-the-art factory where the inescapable machinery completely...,"Charlie Chaplin, Paulette Goddard, Henry Bergman, Tiny Sandford","A slapstick skewering of industrialized America, Modern Times is as politically incisive as it is laugh-out-loud hilarious."
The Apartment,1960,94,104117.0,Billy Wilder, Insurance worker C.C. Baxter (Jack Lemmon) lends his Upper West Side apartment to company bosses to use for extramarital affairs....,"Jack Lemmon, Shirley MacLaine, Fred MacMurray, Ray Walston","Director Billy Wilder's customary cynicism is leavened here by tender humor, romance, and genuine pathos."
Groundhog Day,1993,97,103208.0,Harold Ramis," Phil (Bill Murray), a weatherman, is out to cover the annual emergence of the groundhog from its hole. He gets...","Bill Murray, Andie MacDowell, Chris Elliott, Stephen Tobolowsky","Smart, sweet, and inventive,"
The Princess Bride,1987,97,103126.0,Rob Reiner, A fairy tale adventure about a beautiful young woman and her one true love. He must find her after a...,"Cary Elwes, Robin Wright, Mandy Patinkin, Chris Sarandon","A delightfully postmodern fairy tale,"
Dr. Strangelove Or: How I Learned to Stop Worrying and Love the Bomb,1964,98,105273.0,Stanley Kubrick, A film about what could happen if the wrong person pushed the wrong button -- and it played the situation...,"Peter Sellers, George C. Scott, Keenan Wynn, Slim Pickens",Stanley Kubrick's brilliant Cold War satire remains as funny and razor-sharp today as it was in 1964.
Duck Soup,1933,91,98116.0,Leo McCarey," When the tiny nation of Freedonia goes bankrupt, its wealthy benefactor, Mrs. Teasdale (Margaret Dumont), insists that the wacky Rufus...","Groucho Marx, Harpo Marx, Chico Marx, Zeppo Marx","Fueled by inspired silliness and blessed with some of the Marx brothers' most brilliant work,"
The Big Lebowski,1998,83,88645.0,Joel Coen," Jeff Bridges plays Jeff Lebowski who insists on being called ""the Dude,"" a laid-back, easygoing burnout who happens to have...","Jeff Bridges, John Goodman, Julianne Moore, Steve Buscemi","Typically stunning visuals and sharp dialogue from the Coen Brothers, brought to life with strong performances from Goodman and Bridges."
It Happened One Night,1934,99,118355.0,Frank Capra," In Frank Capra's acclaimed romantic comedy, spoiled heiress Ellie Andrews (Claudette Colbert) impetuously marries the scheming King Westley, leading her...","Claudette Colbert, Clark Gable, Walter Connolly, Roscoe Karns","Capturing its stars and director at their finest,"
Some Like It Hot,1959,94,100276.0,Billy Wilder," After witnessing a Mafia murder, slick saxophone player Joe (Tony Curtis) and his long-suffering buddy, Jerry (Jack Lemmon), improvise a...","Tony Curtis, Jack Lemmon, Marilyn Monroe, George Raft",
Monty Python and the Holy Grail,1975,97,103930.0,Terry Gilliam, A comedic send-up of the grim circumstances of the Middle Ages as told through the story of King Arthur and...,"Graham Chapman, John Cleese, Terry Gilliam, Eric Idle","A cult classic as gut-bustingly hilarious as it is blithely ridiculous,"
Airplane!,1980,97,103061.0,Jim Abrahams, This spoof comedy takes shots at the slew of disaster movies that were released in the 70s. When the passengers...,"Robert Hays, Julie Hagerty, Peter Graves, Robert Stack","Though unabashedly juvenile and silly,"
City Lights,1931,97,103416.0,Charles Chaplin, A hapless but resilient tramp (Charlie Chaplin) falls in love with a blind flower girl (Virginia Cherrill) on the tough...,"Charlie Chaplin, Virginia Cherrill, Harry Myers, Hank Mann","One of the best underdog romance movies ever, with an ending that will light up any heart."
